grid_ix,grid_iy,orig
0,0,0.0
1,0,0.0
2,0,7.01
3,0,12.28
4,0,4.0
5,0,49.0
6,0,344.0
7,0,6.91
8,0,0.0
9,0,0.0
10,0,0.0
11,0,0.0
12,0,0.0
13,0,0.0
14,0,0.0
15,0,0.0
16,0,0.0
17,0,0.0
0,1,0.0
1,1,0.0
2,1,24.25
3,1,0.28
4,1,14.0
5,1,0.0
6,1,0.0
7,1,661.01
8,1,1170.0
9,1,0.0
10,1,0.0
11,1,0.0
12,1,0.0
13,1,0.0
14,1,0.0
15,1,0.0
16,1,0.0
17,1,0.0
0,2,0.0
1,2,0.0
2,2,0.3
3,2,0.0
4,2,1.95
5,2,0.2
6,2,0.07
7,2,5.0
8,2,0.84
9,2,0.22
10,2,0.46
11,2,0.0
12,2,0.0
13,2,0.0
14,2,0.0
15,2,0.0
16,2,0.0
17,2,0.0
0,3,0.0
1,3,0.01
2,3,28.05
3,3,0.0
4,3,303.0
5,3,1.23
6,3,5.0
7,3,670.93
8,3,209.0
9,3,0.0
10,3,1.02
11,3,0.0
12,3,0.0
13,3,0.0
14,3,0.0
15,3,0.0
16,3,0.0
17,3,0.0
0,4,0.0
1,4,0.7
2,4,0.0
3,4,0.001
4,4,0.29
5,4,1.1
6,4,0.36
7,4,0.54
8,4,84.0
9,4,0.92
10,4,1.04
11,4,0.6
12,4,0.0
13,4,0.0
14,4,0.0
15,4,0.0
16,4,0.0
17,4,0.0
0,5,1.4
1,5,2.1
2,5,2.1
3,5,0.07
4,5,0.15
5,5,128.62
6,5,0.5
7,5,0.34
8,5,0.06
9,5,625.0
10,5,0.1
11,5,0.06
12,5,12.69
13,5,0.0
14,5,0.0
15,5,0.0
16,5,0.0
17,5,0.0
0,6,2.0
1,6,0.7
2,6,5.0
3,6,20.0
4,6,0.37
5,6,0.39
6,6,0.6
7,6,1.65
8,6,0.0
9,6,0.0
10,6,0.0
11,6,0.0
12,6,9.58
13,6,0.07
14,6,0.0
15,6,0.0
16,6,0.0
17,6,0.0
0,7,2.45
1,7,0.7
2,7,0.2
3,7,0.3
4,7,0.017
5,7,0.36
6,7,1.1
7,7,0.0
8,7,0.01
9,7,0.12
10,7,0.0
11,7,6.05
12,7,1.18
13,7,0.5
14,7,0.0
15,7,0.0
16,7,0.0
17,7,0.0
0,8,0.03
1,8,0.43
2,8,0.0
3,8,0.002
4,8,0.009000001
5,8,0.0
6,8,0.92
7,8,1000.0
8,8,0.62
9,8,0.19
10,8,2.0
11,8,8.0
12,8,20.5
13,8,8.0
14,8,0.0
15,8,0.1
16,8,0.0
17,8,0.0
0,9,0.0
1,9,0.7
2,9,7.6
3,9,0.0
4,9,0.1
5,9,0.0
6,9,0.0
7,9,1000.0
8,9,0.4
9,9,0.07
10,9,0.5
11,9,0.0
12,9,0.08
13,9,6.4
14,9,580.0
15,9,0.0
16,9,0.0
17,9,0.0
0,10,0.0
1,10,0.2
2,10,3.7
3,10,0.0
4,10,0.0
5,10,0.0
6,10,0.0
7,10,0.3
8,10,0.05
9,10,0.7
10,10,0.0
11,10,287.99
12,10,0.0
13,10,0.0
14,10,5000.0
15,10,0.0
16,10,4.0
17,10,0.0
0,11,0.0
1,11,0.0
2,11,0.0
3,11,0.0
4,11,0.0
5,11,0.0
6,11,0.0
7,11,0.0
8,11,0.0
9,11,0.0
10,11,0.12
11,11,0.0
12,11,0.0
13,11,0.0
14,11,5.0
15,11,80.0
16,11,30.0
17,11,0.0
0,12,0.0
1,12,0.0
2,12,0.0
3,12,0.0
4,12,0.0
5,12,0.0
6,12,0.0
7,12,0.0
8,12,0.0
9,12,0.0
10,12,0.0
11,12,0.0
12,12,0.0
13,12,0.0
14,12,0.0
15,12,0.0
16,12,0.0
17,12,0.0
0,13,0.0
1,13,0.0
2,13,0.0
3,13,0.0
4,13,0.0
5,13,0.0
6,13,0.0
7,13,0.0
8,13,0.0
9,13,0.0
10,13,0.0
11,13,0.0
12,13,0.0
13,13,0.0
14,13,0.0
15,13,0.0
16,13,0.0
17,13,0.0
